"Fecha","Fecha banco","Nombre","Tipo","Grupo","Importe","Pagado","No contar","Notas"
"2024-12-31","2024-12-31","Deuda con Ana","Otros Casa","Gasto","-117.66","Sí","No",""
"2024-12-31","2024-12-31","Ahorro Diciembre","Ahorro","Gasto","-1431.87","Sí","No",""
"2024-12-31","2024-12-31","Ahorro a Ahorro capricho","Ahorro","Devolución","2335.97","Sí","No",""
"2024-12-31","2024-12-31","Ahorro a Ahorro capricho","Ahorro Privado","Gasto","-2335.97","Sí","No",""
"2024-12-31","2024-12-31","Nómina Diciembre","Salario","Ingreso","1672.41","Sí","No",""
"2024-12-31","2024-12-31","Ajuste","Otros Vida Diaria","Gasto","-1.34","Sí","No",""
"2024-12-31","2024-12-31","Netflix Diciembre","Netflix","Gasto","-7","Sí","No",""
"2024-12-28","2024-12-28","COmida","Comida Diaria","Gasto","-35.7","Sí","No",""
"2024-12-25","2024-12-25","Comida","Comida Diaria","Gasto","-7.59","Sí","No",""
"2024-12-24","2024-12-24","Comida","Comida Diaria","Gasto","-2.75","Sí","No",""
"2024-12-23","2024-12-23","Pan Londres","Comida Diaria","Gasto","-3","Sí","No",""
"2024-12-23","2024-12-23","Ahorro automático","Ahorro","Gasto","-7.02","Sí","No",""
"2024-12-23","2024-12-23","Ahorro","Ahorro","Devolución","132.02","Sí","No",""
"2024-12-23","2024-12-23","Mercadona","Comida Diaria","Gasto","-21.27","Sí","No",""
"2024-12-22","2024-12-22","ALDI","Comida Diaria","Gasto","-3.93","Sí","No",""
"2024-12-22","2024-12-22","Nesteas con estos","Comida Fuera","Gasto","-7.6","Sí","No",""
"2024-12-21","2024-12-21","Regalo estos","Regalos Hechos","Gasto","-6.4","Sí","No",""
"2024-12-20","2024-12-20","Comida con estos","Comida Fuera","Gasto","-34","Sí","No",""
"2024-12-19","2024-12-19","Chino","Comida Diaria","Gasto","-1","Sí","No",""
"2024-12-19","2024-12-19","Popeyes","Comida Fuera","Gasto","-13.97","Sí","No",""
"2024-12-18","2024-12-18","Ahorramas","Comida Diaria","Gasto","-3.79","Sí","No",""
"2024-12-18","2024-12-18","MiAlcampo","Comida Diaria","Gasto","-4.36","Sí","No",""
"2024-12-16","2024-12-16","Gimnasio","Gimnasio","Gasto","-28.04","Sí","No",""
"2024-12-15","2024-12-15","ALDI","Comida Diaria","Gasto","-2.08","Sí","No",""
"2024-12-15","2024-12-15","ALDI","Comida Diaria","Gasto","-4.94","Sí","No",""
"2024-12-15","2024-12-15","Aliexpres","Regalos Hechos","Gasto","-14.38","Sí","No",""
"2024-12-15","2024-12-15","ALDI","Comida Diaria","Gasto","-6.96","Sí","No",""
"2024-12-13","2024-12-13","Mercadona","Comida Diaria","Gasto","-5.65","Sí","No",""
"2024-12-08","2024-12-08","Parte del regalo ana","Regalos Hechos","Gasto","-22.9","Sí","No",""
"2024-12-07","2024-12-07","Parte del regalo ana","Regalos Hechos","Gasto","-8.99","Sí","No",""
"2024-12-07","2024-12-07","Ahorro automatico","Ahorro","Gasto","-2.72","Sí","No",""
"2024-12-07","2024-12-07","Midjourney","Hobbies","Gasto","-11.9","Sí","No",""
"2024-12-06","2024-12-06","Kebab con estos","Comida Fuera","Gasto","-9.5","Sí","No",""
"2024-12-05","2024-12-05","McDonald","Comida Fuera","Gasto","-17.45","Sí","No",""
"2024-12-05","2024-12-05","Aliexpress parte de Ana","Regalos Hechos","Gasto","-12.21","Sí","No",""
"2024-12-05","2024-12-05","Cosas de ana en chino","Otros Casa","Gasto","-14.85","Sí","No",""
"2024-12-04","2024-12-04","Regalo Papa AI","Regalos Hechos","Gasto","-19.99","Sí","No",""
"2024-12-04","2024-12-04","Parte del regalo ana","Regalos Hechos","Gasto","-5.3","Sí","No",""
"2024-12-04","2024-12-04","ahorramas","Comida Diaria","Gasto","-3.39","Sí","No",""
"2024-12-02","2024-12-02","Merkocash","Comida Diaria","Gasto","-2.65","Sí","No",""
"2024-12-01","2024-12-01","Bañadores Ana","Otros Casa","Gasto","-71.13","Sí","No",""
"2024-11-30","2024-11-30","Regalo Navidad Ana","Regalos Hechos","Gasto","-100","Sí","No",""
"2024-11-30","2024-11-30","Mueble cocina para Ana","Otros Casa","Gasto","-84.99","Sí","No",""
"2024-11-30","2024-11-30","Ahorro de Rendondeo","Ahorro","Gasto","-2.45","Sí","No",""
"2024-11-29","2024-11-29","Pago Deuda Ana","Otros Casa","Gasto","-348","Sí","No",""
"2024-11-29","2024-11-29","Nómina Noviembre","Salario","Ingreso","1663.01","Sí","No",""
"2024-11-29","2024-11-29","Regalo de Ana 2","Regalos Hechos","Gasto","-25.9","Sí","No",""
"2024-11-29","2024-11-29","Ahorro Noviembre","Ahorro","Gasto","-719.5","Sí","No",""
"2024-11-29","2024-11-29","Cuaderno Aviación","Hobbies","Gasto","-16.14","Sí","No",""
"2024-11-29","2024-11-29","Bolso regalo de Ana","Regalos Hechos","Gasto","-22.54","Sí","No",""
"2024-11-29","2024-11-29","Libro Regalo Papa","Regalos Hechos","Gasto","-21.9","Sí","No",""
"2024-11-29","2024-11-29","Burguer King","Comida Diaria","Gasto","-20.72","Sí","No",""
"2024-11-28","2024-11-28","KFC y Bimbo","Comida Diaria","Gasto","-10.9","Sí","No",""
"2024-11-27","2024-11-27","Cosas Aliexpress","Capricho","Gasto","-4.66","Sí","No",""
"2024-11-26","2024-11-26","Chino","Comida Diaria","Gasto","-3.5","Sí","No",""
"2024-11-18","2024-11-18","Burguer","Comida Diaria","Gasto","-5.85","Sí","No",""
"2024-11-13","2024-11-13","ALDI","Comida Diaria","Gasto","-3.38","Sí","No",""
"2024-11-11","2024-11-11","Alcampo","Comida Diaria","Gasto","-7.75","Sí","No",""
"2024-11-10","2024-11-10","ALDI","Comida Diaria","Gasto","-5","Sí","No",""
"2024-11-09","2024-11-09","Lidl y Ahorramas","Comida Diaria","Gasto","-7.77","Sí","No",""
"2024-11-05","2024-11-05","Ahorro","Ahorro","Gasto","-300","Sí","No",""
"2024-11-04","2024-11-04","Comer fuera","Comida Fuera","Gasto","-21.07","Sí","No",""
"2024-11-04","2024-11-04","Midjourney","Hobbies","Gasto","-11.49","Sí","No",""
"2024-11-04","2024-11-04","Alcampo","Comida Diaria","Gasto","-8.09","Sí","No",""
"2024-11-04","2024-11-04","Amazon a Ana","Otros Casa","Gasto","-38.22","Sí","No",""
"2024-11-03","2024-11-03","ALDI","Comida Diaria","Gasto","-5.25","Sí","No",""
"2024-11-03","2024-11-03","Costco","Regalos Hechos","Gasto","-15.14","Sí","No",""
"2024-11-03","2024-11-03","Costco","Libros","Gasto","-15","Sí","No",""
"2024-11-02","2024-11-02","Mercadona","Comida Diaria","Gasto","-7.85","Sí","No",""
"2024-11-01","2024-11-01","Carrefour","Comida Diaria","Gasto","-1.49","Sí","No",""
"2024-11-01","2024-11-01","Subrayadores","Hobbies","Gasto","-5.74","Sí","No",""
"2024-10-31","2024-10-31","Regalo Ana 4/4","Regalos Hechos","Gasto","-32.49","Sí","No",""
"2024-10-31","2024-10-31","Cargador Baseus para Ana","Otros Casa","Gasto","-34.98","Sí","No",""
"2024-10-31","2024-10-31","Pago Corte Ingles","Otros Casa","Gasto","-323.5","Sí","No",""
"2024-10-31","2024-10-31","Boda","Otros Vida Diaria","Gasto","-755.84","Sí","No",""
"2024-10-31","2024-10-31","Nómina Octubre","Salario","Ingreso","1454","Sí","No",""
"2024-10-30","2024-10-30","Lidl","Comida Diaria","Gasto","-3.5","Sí","No",""
"2024-10-30","2024-10-30","ITV","Otros Transporte","Gasto","-34.95","Sí","No",""
"2024-10-28","2024-10-28","Carrefour","Comida Diaria","Gasto","-3.3","Sí","No",""
"2024-10-28","2024-10-28","The Clover","Comida Fuera","Gasto","-13","Sí","No",""
"2024-10-26","2024-10-26","Burguer","Comida Fuera","Gasto","-8.45","Sí","No",""
"2024-10-26","2024-10-26","Mercadona","Comida Diaria","Gasto","-2.5","Sí","No",""
"2024-10-24","2024-10-24","KFC","Comida Diaria","Gasto","-4.48","Sí","No",""
"2024-10-24","2024-10-24","TKL","Comida Diaria","Gasto","-2.8","Sí","No",""
"2024-10-23","2024-10-23","Carrefour","Comida Diaria","Gasto","-6.57","Sí","No",""
"2024-10-20","2024-10-20","Ajuste","Otros Ingresos","Ingreso","8.5","Sí","No",""
"2024-10-19","2024-10-19","Cine","Espectáculo (Cine/Teatro)","Gasto","-27","Sí","No",""
"2024-10-19","2024-10-19","Zapatillas Adidas","Ropa","Gasto","-63.34","Sí","No",""
"2024-10-10","2024-10-10","Impuesto de circulación","Otros Transporte","Gasto","-23.98","Sí","No",""
"2024-10-04","2024-10-04","TV Hospital","Otros Entretenimiento","Gasto","-12","Sí","No",""
"2024-10-01","2024-10-01","Comida","Comida Fuera","Gasto","-10.96","Sí","No",""
"2024-09-30","2024-09-30","Regalo Ana 3/4","Regalos Hechos","Gasto","-32.5","Sí","No",""
"2024-09-29","2024-09-29","Pago Corte Ingles","Otros Casa","Gasto","-323.5","Sí","No",""
"2024-09-29","2024-09-29","KFC","Comida Fuera","Gasto","-13.2","Sí","No",""
"2024-09-29","2024-09-29","Boda","Otros Vida Diaria","Gasto","-250","Sí","No",""
"2024-09-29","2024-09-29","Compartido","Otros Vida Diaria","Gasto","-650","Sí","No",""
"2024-09-28","2024-09-28","Pizza con estos","Comida Fuera","Gasto","-10","Sí","No",""
"2024-09-28","2024-09-28","Nómina Septiembre","Salario","Ingreso","1663.01","Sí","No",""
"2024-09-26","2024-09-26","Seguro Coche","Seguro","Gasto","-368.43","Sí","No",""
"2024-09-24","2024-09-24","Chino","Hobbies","Gasto","-4.5","Sí","No",""
"2024-09-24","2024-09-24","Chino","Hobbies","Gasto","-5.34","Sí","No",""
"2024-09-23","2024-09-23","Aceitunas Costco","Regalos Hechos","Gasto","-10","Sí","No",""
"2024-09-23","2024-09-23","Chino","Hobbies","Gasto","-7.74","Sí","No",""
"2024-09-22","2024-09-22","ALDI","Comida Diaria","Gasto","-4.38","Sí","No",""
"2024-09-18","2024-09-18","Tiger","Hobbies","Gasto","-6","Sí","No",""
"2024-09-17","2024-09-17","Chino","Comida Diaria","Gasto","-1","Sí","No",""
"2024-09-16","2024-09-16","Abono promoción amigo","Otros Ingresos","Ingreso","40.5","Sí","No",""
"2024-09-15","2024-09-15","Chino","Comida Diaria","Gasto","-1","Sí","No",""
"2024-09-14","2024-09-14","Gasolina Cotsco","Otros Vida Diaria","Gasto","-50.85","Sí","No",""
"2024-09-14","2024-09-14","Carrefour","Comida Diaria","Gasto","-5.59","Sí","No",""
"2024-09-13","2024-09-13","Tiger","Hobbies","Gasto","-4.9","Sí","No",""
"2024-09-11","2024-09-11","Pintura para figuras","Hobbies","Gasto","-20.89","Sí","No",""
"2024-09-07","2024-09-07","D&D Inicio","Hobbies","Gasto","-19.95","Sí","No",""
"2024-09-04","2024-09-04","Cena Sushi con estos","Comida Fuera","Gasto","-26.05","Sí","No",""
"2024-09-03","2024-09-03","Papel Chino","Hobbies","Gasto","-6.95","Sí","No",""
"2024-09-03","2024-09-03","Ambientador coche","Otros Transporte","Gasto","-6.88","Sí","No",""
"2024-09-03","2024-09-03","Calcetines Bolos","Espectáculo (Cine/Teatro)","Gasto","-0.6","Sí","No",""
"2024-09-02","2024-09-02","Pago 3/3 Bambu Lab P1S","Hobbies","Gasto","-209.69","Sí","No",""
"2024-09-01","2024-09-01","Filamento","Hobbies","Gasto","-59.87","Sí","No",""
"2024-09-01","2024-09-01","Regalo Ana 2/4","Regalos Hechos","Gasto","-32.5","Sí","No",""
"2024-08-29","2024-08-29","Compartido","Otros Vida Diaria","Gasto","-531.94","Sí","No",""
"2024-08-29","2024-08-29","Pago Notion","Otros Ingresos","Ingreso","26.81","Sí","No",""
"2024-08-29","2024-08-29","Nómina Agosto","Salario","Ingreso","1663.01","Sí","No",""
"2024-08-29","2024-08-29","Pago Corte Ingles","Otros Casa","Gasto","-323.5","Sí","No",""
"2024-08-26","2024-08-26","Mercadona","Comida Diaria","Gasto","-13.15","Sí","No",""
"2024-08-24","2024-08-24","Mercadona","Comida Diaria","Gasto","-6.52","Sí","No",""
"2024-08-22","2024-08-22","Gasolina","Otros Vida Diaria","Gasto","-53.06","Sí","No",""
"2024-08-22","2024-08-22","Carrefour","Comida Diaria","Gasto","-7.9","Sí","No",""
"2024-08-21","2024-08-21","Carrefour","Comida Diaria","Gasto","-2.99","Sí","No",""
"2024-08-20","2024-08-20","Pipeta Nala","Otros Vida Diaria","Gasto","-15","Sí","No",""
"2024-08-20","2024-08-20","Ingreso de dinero","Otros Ingresos","Ingreso","108.88","Sí","No",""
"2024-08-20","2024-08-20","Carrefour","Comida Diaria","Gasto","-9.82","Sí","No",""
"2024-08-19","2024-08-19","Mercadona","Comida Diaria","Gasto","-6.69","Sí","No",""
"2024-08-17","2024-08-17","Mercadona","Comida Diaria","Gasto","-6.55","Sí","No",""
"2024-08-15","2024-08-15","Gafas","Ropa","Gasto","-10","Sí","No",""
"2024-08-13","2024-08-13","Compartido","Otros Vida Diaria","Gasto","-150","Sí","No",""
"2024-08-08","2024-08-08","Renovación DNI","Otros Transporte","Gasto","-59.58","Sí","No",""
"2024-08-08","2024-08-08","Arena Nala","Otros Vida Diaria","Gasto","-11.37","Sí","No",""
"2024-08-07","2024-08-07","Super","Comida Fuera","Gasto","-5.6","Sí","No",""
"2024-08-06","2024-08-06","Corte de pelo","Otros Vida Diaria","Gasto","-14","Sí","No",""
"2024-08-05","2024-08-05","Pago 2/3 Bambu Lab P1S","Hobbies","Gasto","-209.69","Sí","No",""
"2024-08-04","2024-08-04","McDonalds","Comida Fuera","Gasto","-13.12","Sí","No",""
"2024-08-04","2024-08-04","Regalo Ana 1/4","Regalos Hechos","Gasto","-35.49","Sí","No",""
"2024-08-04","2024-08-04","Devolución Primer Pago regalo Ana","Regalos Hechos","Devolución","32.87","Sí","No",""
"2024-07-31","2024-07-31","Boda","Otros Vida Diaria","Gasto","-250","Sí","No",""
"2024-07-31","2024-07-31","Pago Corte Ingles","Otros Casa","Gasto","-323.5","Sí","No",""
"2024-07-31","2024-07-31","Compartido","Otros Vida Diaria","Gasto","-650","Sí","No",""
"2024-07-31","2024-07-31","Nómina Julio","Salario","Ingreso","1663.01","Sí","No",""
"2024-07-28","2024-07-28","Google One","Google One","Gasto","-19.99","Sí","No",""
"2024-07-24","2024-07-24","Comida Javea","Comida","Gasto","-42.65","Sí","No",""
"2024-07-23","2024-07-23","Comida Javea","Comida","Gasto","-20.41","Sí","No",""
"2024-07-23","2024-07-23","Paddlesurf","Entretenimiento","Gasto","-40","Sí","No",""
"2024-07-19","2024-07-19","Comida Javea","Comida","Gasto","-46.1","Sí","No",""
"2024-07-19","2024-07-19","Primer Pago regalo Ana","Regalos Hechos","Gasto","-32.87","Sí","No",""
"2024-07-15","2024-07-15","Gasolina","Viaje","Gasto","-62.7","Sí","No",""
"2024-07-14","2024-07-14","PLA","Hobbies","Gasto","-30.37","Sí","No",""
"2024-07-14","2024-07-14","PLA","Hobbies","Gasto","-30.37","Sí","No",""
"2024-07-13","2024-07-13","Recreativas Iker","Regalos Hechos","Gasto","-3","Sí","No",""
"2024-07-13","2024-07-13","Lavado de coche","Otros Transporte","Gasto","-3","Sí","No",""
"2024-07-09","2024-07-09","PLA","Hobbies","Gasto","-20.47","Sí","No",""
"2024-07-07","2024-07-07","Camisa Zara","Ropa","Gasto","-29.95","Sí","No",""
"2024-07-07","2024-07-07","Pijama Primark","Ropa","Gasto","-12","Sí","No",""
"2024-07-03","2024-07-03","Comer fuera","Comida Fuera","Gasto","-23.53","Sí","No",""
"2024-07-02","2024-07-02","Pago 1/3 Bambu Lab P1S","Hobbies","Gasto","-209.69","Sí","No",""
"2024-06-28","2024-06-28","Red Dead","Videojuegos","Gasto","-19.79","Sí","No",""
"2024-06-28","2024-06-28","Compartido","Otros Vida Diaria","Gasto","-573.33","Sí","No",""
"2024-06-28","2024-06-28","Boda","Otros Vida Diaria","Gasto","-250","Sí","No",""
"2024-06-28","2024-06-28","Pago Corte Ingles","Otros Casa","Gasto","-323.5","Sí","No",""
"2024-06-28","2024-06-28","Nómina Junio","Salario","Ingreso","1664.71","Sí","No",""
"2024-06-28","2024-06-28","Gimnasio app","Gimnasio","Gasto","-24.21","Sí","No",""
"2024-06-27","2024-06-27","Mercadona","Otros Vida Diaria","Gasto","-2.54","Sí","No",""
"2024-06-27","2024-06-27","Mercadona","Otros Vida Diaria","Gasto","-6.47","Sí","No",""
"2024-06-26","2024-06-26","Mercadona","Otros Vida Diaria","Gasto","-4.85","Sí","No",""
"2024-06-26","2024-06-26","Juegos para boda","Regalos Hechos","Gasto","-32.65","Sí","No",""
"2024-06-25","2024-06-25","Carrefour","Otros Vida Diaria","Gasto","-34.51","Sí","No",""
"2024-06-25","2024-06-25","Parking","Otros Vida Diaria","Gasto","-1.35","Sí","No",""
"2024-06-23","2024-06-23","Fotos Carnet","Otros Vida Diaria","Gasto","-6","Sí","No",""
"2024-06-23","2024-06-23","Extrusor Impresora","Hobbies","Gasto","-15.99","Sí","No",""
"2024-06-22","2024-06-22","Cable Impresora","Hobbies","Gasto","-11.99","Sí","No",""
"2024-06-21","2024-06-21","Farmacia, dentista y rosu","Medicinas","Gasto","-21.52","Sí","No",""
"2024-06-20","2024-06-20","Comida","Comida Fuera","Gasto","-12.11","Sí","No",""
"2024-06-20","2024-06-20","Gasolina","Otros Vida Diaria","Gasto","-57.29","Sí","No",""
"2024-06-19","2024-06-19","HotEnd impresora","Hobbies","Gasto","-18.99","Sí","No",""
"2024-06-19","2024-06-19","Corte de Pelo","Otros Vida Diaria","Gasto","-14","Sí","No",""
"2024-06-18","2024-06-18","Comida","Comida Fuera","Gasto","-26.95","Sí","No",""
"2024-06-17","2024-06-17","Compra","Hobbies","Gasto","-21.95","Sí","No",""
"2024-06-13","2024-06-13","Filamento","Hobbies","Gasto","-15.9","Sí","No",""
"2024-06-13","2024-06-13","Chino","Comida Diaria","Gasto","-1.95","Sí","No",""
"2024-06-12","2024-06-12","Sacar dinero en efectivo","Otros Transporte","Gasto","-20","Sí","No",""
"2024-06-11","2024-06-11","Dominio para la boda","Otros Vida Diaria","Gasto","-8.46","Sí","No",""
"2024-06-11","2024-06-11","Impresora etiquetas","Capricho","Gasto","-21.99","Sí","No",""
"2024-06-10","2024-06-10","Metro chulo","Capricho","Gasto","-10.79","Sí","No",""
"2024-06-10","2024-06-10","Destornillador Xiaomi y Quitabarbas","Capricho","Gasto","-33.06","Sí","No",""
"2024-06-09","2024-06-09","Placa Base Ender 3","Hobbies","Gasto","-26.18","Sí","No",""
"2024-06-09","2024-06-09","Regleta y bridas","PC","Gasto","-25.97","Sí","No",""
"2024-06-08","2024-06-08","El Corte Inglés","Comida Diaria","Gasto","-2.99","Sí","No",""
"2024-06-08","2024-06-08","Limpiar el coche","Otros Transporte","Gasto","-1","Sí","No",""
"2024-06-08","2024-06-08","Préstamo Comprar libros de Vicente","Préstamo Hecho","Gasto","-45.5","Sí","No",""
"2024-06-06","2024-06-06","Devolución Renta","Devoluciones Recibidas","Ingreso","194.66","Sí","No",""
"2024-06-04","2024-06-04","Paypal","Hobbies","Gasto","-26.54","Sí","No",""
"2024-06-02","2024-06-02","Devolución Proyector","Muebles y Electrodomésticos","Devolución","485.01","Sí","No",""
"2024-06-02","2024-06-02","Valheim","Videojuegos","Gasto","-21.46","Sí","No",""
"2024-05-29","2024-05-29","Nómina Mayo","Salario","Ingreso","1664.71","Sí","No",""
"2024-05-29","2024-05-29","Compartido + derrama - varias compras","Otros Vida Diaria","Gasto","-693.42","Sí","No",""
"2024-05-29","2024-05-29","Pago a Ana Boda","Otros Vida Diaria","Gasto","-438.66","Sí","No",""
"2024-05-29","2024-05-29","Monitores y Brazo","PC","Gasto","-531.94","Sí","No",""
"2024-05-26","2024-05-26","Carrefour","Otros Vida Diaria","Gasto","-9.19","Sí","No",""
"2024-05-26","2024-05-26","ALDI","Otros Vida Diaria","Gasto","-5.88","Sí","No",""
"2024-05-26","2024-05-26","Devolución Ratón PC","PC","Devolución","73.99","Sí","No",""
"2024-05-25","2024-05-25","Alcampo","Otros Transporte","Gasto","-15.92","Sí","No",""
"2024-05-25","2024-05-25","Mercadona","Otros Vida Diaria","Gasto","-34.67","Sí","No",""
"2024-05-25","2024-05-25","Lavado completo de coche","Otros Transporte","Gasto","-15","Sí","No",""
"2024-05-25","2024-05-25","Chino para papel burbujas","Otros Vida Diaria","Gasto","-6.94","Sí","No",""
"2024-05-24","2024-05-24","Comida Nala","Otros Vida Diaria","Gasto","-24.17","Sí","No",""
"2024-05-23","2024-05-23","Kichi","Otros Vida Diaria","Gasto","-57.2","Sí","No",""
"2024-05-22","2024-05-22","Carrefour","Comida Fuera","Gasto","-4.94","Sí","No",""
"2024-05-21","2024-05-21","Come fuera","Otros Vida Diaria","Gasto","-41.25","Sí","No",""
"2024-05-19","2024-05-19","Proyector Medio pago de Boda","Muebles y Electrodomésticos","Gasto","-485.01","Sí","No",""
"2024-05-19","2024-05-19","Cyberpunk 2077","Videojuegos","Gasto","-29.99","Sí","No",""
"2024-05-18","2024-05-18","Chino","Comida Fuera","Gasto","-2.75","Sí","No",""
"2024-05-18","2024-05-18","Mantenimiento M6 Hyundai 2024","Reparaciones","Gasto","-204.87","Sí","No",""
"2024-05-18","2024-05-18","Costco","Otros Vida Diaria","Gasto","-162.9","Sí","No",""
"2024-05-18","2024-05-18","Chino","Comida Fuera","Gasto","-3.8","Sí","No",""
"2024-05-17","2024-05-17","Ratón PC","PC","Gasto","-66.7","Sí","No",""
"2024-05-14","2024-05-14","Bola de baño para Ana","Regalos Hechos","Gasto","-7.5","Sí","No",""
"2024-05-14","2024-05-14","Compartido","Otros Vida Diaria","Gasto","-100.72","Sí","No",""
"2024-05-07","2024-05-07","Mueble Alex","Muebles y Electrodomésticos","Gasto","-80","Sí","No",""
"2024-05-07","2024-05-07","Cena","Comida Fuera","Gasto","-12.95","Sí","No",""
"2024-05-07","2024-05-07","Bolos","Otros Entretenimiento","Gasto","-36","Sí","No",""
"2024-05-06","2024-05-06","Comida","Comida Fuera","Gasto","-38.25","Sí","No",""
"2024-05-04","2024-05-04","Mueble Alex","Muebles y Electrodomésticos","Gasto","-80","Sí","No",""
"2024-04-28","2024-04-28","Pago Ana Boda","Otros Vida Diaria","Gasto","-505.5","Sí","No",""
"2024-04-28","2024-04-28","Pago El corte ingles","Otros Casa","Gasto","-94.5","Sí","No",""
"2024-04-28","2024-04-28","Compartido + derrama - 9 de Cecilia - 10 de compra","Otros Vida Diaria","Gasto","-730.7","Sí","No",""
"2024-04-27","2024-04-27","Nómina Abril","Salario","Ingreso","1664.71","Sí","No",""
"2024-04-26","2024-04-26","Devolución Ana Petronela","Otros Vida Diaria","Devolución","60","Sí","No",""
"2024-04-25","2024-04-25","Regalo día de la madre","Regalos Hechos","Gasto","-18.9","Sí","No",""
"2024-04-25","2024-04-25","Compra compartida adelantada","Otros Vida Diaria","Gasto","-10.3","Sí","No",""
"2024-04-25","2024-04-25","Petronela","Otros Vida Diaria","Gasto","-120","Sí","No",""
"2024-04-24","2024-04-24","Certificado Persona Física","Otros Vida Diaria","Gasto","-3.62","Sí","No",""
"2024-04-24","2024-04-24","Bimbo","Comida Diaria","Gasto","-0.7","Sí","No",""
"2024-04-23","2024-04-23","Carrefour","Comida Diaria","Gasto","-5.58","Sí","No",""
"2024-04-20","2024-04-20","Plex pro","Otros Casa","Gasto","-3.34","Sí","No",""
"2024-04-20","2024-04-20","Alimentación","Comida Diaria","Gasto","-2.6","Sí","No",""
"2024-04-19","2024-04-19","ALDI","Comida Diaria","Gasto","-1.18","Sí","No",""
"2024-04-19","2024-04-19","Alimentación","Comida Diaria","Gasto","-3.75","Sí","No",""
"2024-04-19","2024-04-19","Super","Comida Diaria","Gasto","-2.7","Sí","No",""
"2024-04-17","2024-04-17","Mediamark regletas","Otros Casa","Gasto","-55.13","Sí","No",""
"2024-04-16","2024-04-16","ALDI","Comida Diaria","Gasto","-2.99","Sí","No",""
"2024-04-16","2024-04-16","Bimbo","Comida Diaria","Gasto","-2.3","Sí","No",""
"2024-04-14","2024-04-14","Five Guys","Comida Fuera","Gasto","-52.7","Sí","No",""
"2024-04-13","2024-04-13","Compartido","Otros Vida Diaria","Gasto","-100","Sí","No",""
"2024-04-12","2024-04-12","Mercadona","Comida Diaria","Gasto","-7.08","Sí","No",""
"2024-04-11","2024-04-11","Come fuera","Comida Diaria","Gasto","-5.45","Sí","No",""
"2024-04-11","2024-04-11","Lidl","Comida Diaria","Gasto","-2.37","Sí","No",""
"2024-04-11","2024-04-11","Costco","Comida Diaria","Gasto","-8.99","Sí","No",""
"2024-04-11","2024-04-11","Bolos","Hobbies","Gasto","-12","Sí","No",""
"2024-04-06","2024-04-06","Aliexpress GBA boda","Hobbies","Gasto","-10.98","Sí","No",""
"2024-04-06","2024-04-06","Costco","Ropa","Gasto","-32","Sí","No",""
"2024-04-05","2024-04-05","Carrefour","Comida Diaria","Gasto","-3.15","Sí","No",""
"2024-04-05","2024-04-05","Devolucion Nothing ear","Capricho","Devolución","119","Sí","No",""
"2024-04-04","2024-04-04","Come fuera con Estos","Comida Fuera","Gasto","-21","Sí","No",""
"2024-04-03","2024-04-03","Chino","Comida Diaria","Gasto","-2.55","Sí","No",""
"2024-04-02","2024-04-02","Chino","Comida Diaria","Gasto","-6.7","Sí","No",""
"2024-03-31","2024-03-31","Adaptador Internet y tile que devolveré","Otros Casa","Devolución","19.99","Sí","No",""
"2024-03-31","2024-03-31","Ajuste","Otros Vida Diaria","Gasto","-20.6","Sí","No",""
"2024-03-30","2024-03-30","Devolver taxi y tren a ana","Préstamo Hecho","Gasto","-96.21","Sí","No",""
"2024-03-30","2024-03-30","Compartido Marzo","Otros Vida Diaria","Gasto","-650","Sí","No",""
"2024-03-30","2024-03-30","Pago a Ana por la BODA","Otros Vida Diaria","Gasto","-650","Sí","No",""
"2024-03-29","2024-03-29","Para Boda","Ahorro","Devolución","150","Sí","No",""
"2024-03-29","2024-03-29","Nómina Marzo","Salario","Ingreso","2041.2","Sí","No",""
"2024-03-28","2024-03-28","Gasolina","Gasolina","Gasto","-62.49","Sí","No",""
"2024-03-26","2024-03-26","Saladar","Otros Vida Diaria","Gasto","-1.4","Sí","No",""
"2024-03-25","2024-03-25","Noray","Otros Vida Diaria","Gasto","-92.9","Sí","No",""
"2024-03-25","2024-03-25","Mercadona","Otros Vida Diaria","Gasto","-21.45","Sí","No",""
"2024-03-25","2024-03-25","Saladar","Otros Vida Diaria","Gasto","-7.09","Sí","No",""
"2024-03-22","2024-03-22","Carnaval","Otros Vida Diaria","Gasto","-56.45","Sí","No",""
"2024-03-21","2024-03-21","Para pagar el Gas","Otros Vida Diaria","Gasto","-76","Sí","No",""
"2024-03-21","2024-03-21","Kiwoko","Otros Vida Diaria","Gasto","-40.19","Sí","No",""
"2024-03-21","2024-03-21","Pago Petronela","Otros Vida Diaria","Gasto","-120","Sí","No",""
"2024-03-21","2024-03-21","Olor del coche","Otros Transporte","Gasto","-7.89","Sí","No",""
"2024-03-21","2024-03-21","Adaptador Internet y tile que devolveré","Otros Casa","Gasto","-29.98","Sí","No",""
"2024-03-21","2024-03-21","Gasolina","Gasolina","Gasto","-61.83","Sí","No",""
"2024-03-21","2024-03-21","Cena","Comida Diaria","Gasto","-6.4","Sí","No",""
"2024-03-21","2024-03-21","Tarjeta regalo Ana","Regalos Hechos","Gasto","-23.94","Sí","No",""
"2024-03-20","2024-03-20","Tren a Madrid","Bus","Gasto","-39.88","Sí","No",""
"2024-03-20","2024-03-20","Taxi a la estación","Bus","Gasto","-7.5","Sí","No",""
"2024-03-20","2024-03-20","Taxis Valencia","Bus","Gasto","-90.15","Sí","No",""
"2024-03-19","2024-03-19","Pepito","Comida Diaria","Gasto","-4","Sí","No",""
"2024-03-19","2024-03-19","Croissants","Comida Diaria","Gasto","-8.4","Sí","No",""
"2024-03-18","2024-03-18","Taxis Valencia","Bus","Gasto","-90.15","Sí","No",""
"2024-03-18","2024-03-18","Libro para padre de Ana","Préstamo Hecho","Gasto","-19.9","Sí","No",""
"2024-03-18","2024-03-18","Comida invitar a Ce y Ja","Comida Fuera","Gasto","-15.85","Sí","No",""
"2024-03-18","2024-03-18","Carcasa GBA","Hobbies","Gasto","-5.73","Sí","No",""
"2024-03-18","2024-03-18","Regalo Papa","Regalos Hechos","Gasto","-10.75","Sí","No",""
"2024-03-15","2024-03-15","Consola R36S","Videojuegos","Gasto","-53","Sí","No",""
"2024-03-15","2024-03-15","2 Burguers","Otros Vida Diaria","Gasto","-60","Sí","No",""
"2024-03-14","2024-03-14","Carrefour","Comida Diaria","Gasto","-8.77","Sí","No",""
"2024-03-14","2024-03-14","Bola para ana","Regalos Hechos","Gasto","-7.5","Sí","No",""
"2024-03-12","2024-03-12","Comida","Comida Diaria","Gasto","-11.07","Sí","No",""
"2024-03-12","2024-03-12","Tarjeta SD","PC","Gasto","-19.99","Sí","No",""
"2024-03-11","2024-03-11","Consola R36S","Videojuegos","Gasto","-49.07","Sí","No",""
"2024-03-09","2024-03-09","Recreativas","Otros Entretenimiento","Gasto","-10","Sí","No",""
"2024-03-09","2024-03-09","Regalo Cecilia","Regalos Hechos","Gasto","-47.95","Sí","No",""
"2024-03-08","2024-03-08","Bola para Ana","Regalos Hechos","Gasto","-6.65","Sí","No",""
"2024-03-07","2024-03-07","Gasolina","Gasolina","Gasto","-60.62","Sí","No",""
"2024-03-06","2024-03-06","KFC","Comida Fuera","Gasto","-28.42","Sí","No",""
"2024-03-05","2024-03-05","Servicio Online","Hobbies","Gasto","-15.48","Sí","No",""
"2024-03-02","2024-03-02","Five Guys, invitación por subida de sueldo","Regalos Hechos","Gasto","-40.7","Sí","No",""
"2024-03-01","2024-03-01","Ahorro","Ahorro","Devolución","350","Sí","No",""
"2024-03-01","2024-03-01","Adelanto Corte Ingles","Otros Casa","Gasto","-350","Sí","No",""
"2024-02-29","2024-02-29","Cosas","Comida Diaria","Gasto","-2.75","Sí","No",""
"2024-02-29","2024-02-29","Ahorro Febrero","Ahorro","Gasto","-250","Sí","No",""
"2024-02-29","2024-02-29","Cosas","Comida Diaria","Gasto","-6.44","Sí","No",""
"2024-02-29","2024-02-29","Nómina Febrero","Salario","Ingreso","1664.71","Sí","No",""
"2024-02-29","2024-02-29","Compartido + Devolución doble (69.87 Comida+pantalón Costco)","Otros Vida Diaria","Gasto","-719.87","Sí","No",""
"2024-02-29","2024-02-29","Lector GBA y carcasa","Hobbies","Gasto","-39.4","Sí","No",""
"2024-02-28","2024-02-28","Mueble Y Planta de ventana","Otros Casa","Gasto","-86.3","Sí","No",""
"2024-02-28","2024-02-28","Devolución de mi ahorro a mi dinero por Gattos","Ahorro","Devolución","250","Sí","No",""
"2024-02-28","2024-02-28","Devolución Gattos","Otros Casa","Devolución","120.85","Sí","No",""
"2024-02-25","2024-02-25","Carrefour","Comida Diaria","Gasto","-9.63","Sí","No",""
"2024-02-24","2024-02-24","ALDI","Comida Diaria","Gasto","-1.49","Sí","No",""
"2024-02-23","2024-02-23","Carrefour","Comida Diaria","Gasto","-4.54","Sí","No",""
"2024-02-22","2024-02-22","Pintura Chino/Primor","Hobbies","Gasto","-6.25","Sí","No",""
"2024-02-21","2024-02-21","Pago Gattos","Otros Casa","Gasto","-370.85","Sí","No",""
"2024-02-21","2024-02-21","Devolución juego VR","Videojuegos","Devolución","16.99","Sí","No",""
"2024-02-21","2024-02-21","monster","Comida Diaria","Gasto","-2","Sí","No",""
"2024-02-20","2024-02-20","Carrefour","Comida Diaria","Gasto","-8.56","Sí","No",""
"2024-02-20","2024-02-20","Mueble Y Planta de ventana","Otros Casa","Gasto","-86.3","Sí","No",""
"2024-02-19","2024-02-19","Ahorro","Ahorro","Gasto","-2.91","Sí","No",""
"2024-02-19","2024-02-19","Ahorro","Ahorro","Gasto","-405.56","Sí","No",""
"2024-02-19","2024-02-19","Reajuste","Comida Diaria","Gasto","-64.71","Sí","No",""
"2024-02-19","2024-02-19","Intereses a favor","Otros Ingresos","Ingreso","2.91","Sí","No",""
"2024-02-18","2024-02-18","Toy","Capricho","Gasto","-34.1","Sí","No",""
"2024-02-16","2024-02-16","ALDI","Comida Diaria","Gasto","-4.46","Sí","No",""
"2024-02-16","2024-02-16","TETRIS","Videojuegos","Gasto","-9","Sí","No",""
"2024-02-16","2024-02-16","11€ a Efectivo","Capricho","Gasto","-11","Sí","No",""
"2024-02-16","2024-02-16","Gasolina","Gasolina","Gasto","-63.06","Sí","No",""
"2024-02-14","2024-02-14","Traspaso a Ana para futuros pagos de 1000€","Otros Casa","Gasto","-1000","Sí","No",""
"2024-02-14","2024-02-14","Café","Regalos Hechos","Gasto","-2.4","Sí","No",""
"2024-02-14","2024-02-14","Juegos de Lego","Videojuegos","Gasto","-4.48","Sí","No",""
"2024-02-14","2024-02-14","Pago 1/2 TV","Otros Casa","Gasto","-1000","Sí","No",""
"2024-02-14","2024-02-14","Coger de Ahorro para TV","Ahorro","Devolución","2600","Sí","No",""
"2024-02-13","2024-02-13","ALDI","Regalos Hechos","Gasto","-5.33","Sí","No",""
"2024-02-13","2024-02-13","Juegos VR","Videojuegos","Gasto","-31.98","Sí","No",""
"2024-02-11","2024-02-11","ALDI","Comida Diaria","Gasto","-3.88","Sí","No",""
"2024-02-09","2024-02-09","Compartido","Otros Vida Diaria","Gasto","-98.17","Sí","No",""
"2024-02-08","2024-02-08","ingreso Ana por error","Otros Vida Diaria","Gasto","-28.15","Sí","No",""
"2024-02-08","2024-02-08","VideJ","Videojuegos","Gasto","-60","Sí","No",""
"2024-02-07","2024-02-07","Gasto","Comida Diaria","Gasto","-3.35","Sí","No",""
"2024-02-07","2024-02-07","Invitar por mi cumple","Regalos Hechos","Gasto","-38.83","Sí","No",""
"2024-02-07","2024-02-07","ALDI","Comida Diaria","Gasto","-2.99","Sí","No",""
"2024-02-06","2024-02-06","Compartido","Otros Vida Diaria","Gasto","-20","Sí","No",""
"2024-02-06","2024-02-06","ALDI","Comida Diaria","Gasto","-2.49","Sí","No",""
"2024-02-05","2024-02-05","Carrefour","Comida Diaria","Gasto","-14.95","Sí","No",""
"2024-02-04","2024-02-04","Lavado Coche","Otros Transporte","Gasto","-5.88","Sí","No",""
"2024-02-04","2024-02-04","Chino","Comida Diaria","Gasto","-5.35","Sí","No",""
"2024-02-03","2024-02-03","Comida con Ivan Y Galindo","Comida Fuera","Gasto","-19.8","Sí","No",""
"2024-02-02","2024-02-02","Chino","Comida Diaria","Gasto","-3.75","Sí","No",""
"2024-02-01","2024-02-01","Devolución Verdiago Vive","Otros Casa","Devolución","112.5","Sí","No",""
"2024-01-31","2024-01-31","Nómina Enero","Salario","Ingreso","2451.91","Sí","No",""
"2024-01-31","2024-01-31","Ahorro","Ahorro","Gasto","-1000","Sí","No",""
"2024-01-31","2024-01-31","Compartido","Otros Vida Diaria","Gasto","-488","Sí","No",""
"2024-01-31","2024-01-31","Lush","Regalos Hechos","Gasto","-22.5","Sí","No",""
"2024-01-28","2024-01-28","ALDI","Comida Diaria","Gasto","-2.38","Sí","No",""
"2024-01-27","2024-01-27","Costco","Comida Diaria","Gasto","-228.99","Sí","No",""
"2024-01-27","2024-01-27","ALDI","Hobbies","Gasto","-16.47","Sí","No",""
"2024-01-27","2024-01-27","Devolución Javi","Comida Diaria","Devolución","102","Sí","No",""
"2024-01-23","2024-01-23","Regalo Cecilia","Regalos Recibidos","Ingreso","50","Sí","No",""
"2024-01-23","2024-01-23","Regalo Papa para pesas","Regalos Recibidos","Ingreso","100","Sí","No",""
"2024-01-23","2024-01-23","Regalo Papa","Regalos Hechos","Gasto","-56","Sí","No",""
"2024-01-23","2024-01-23","Libros Chulos","Libros","Gasto","-22.5","Sí","No",""
"2024-01-22","2024-01-22","Pesas Regulables","Gimnasio","Gasto","-425","Sí","No",""
"2024-01-22","2024-01-22","Cosas de Aliexpress","Videojuegos","Gasto","-13.61","Sí","No",""
"2024-01-20","2024-01-20","Costco","Comida Diaria","Gasto","-12.99","Sí","No",""
"2024-01-17","2024-01-17","Libro Harry","Libros","Gasto","-44.41","Sí","No",""
"2024-01-15","2024-01-15","Cable Carga Rápida","Suministros de la Casa","Gasto","-6.99","Sí","No",""
"2024-01-15","2024-01-15","Multa","Otros Transporte","Gasto","-50","Sí","No",""
"2024-01-14","2024-01-14","ALDI","Comida Diaria","Gasto","-2.88","Sí","No",""
"2024-01-12","2024-01-12","Cargador y Android Auto Wireless","Otros Transporte","Gasto","-69.38","Sí","No",""
"2024-01-12","2024-01-12","Libro Harry","Libros","Gasto","-44.41","Sí","No",""
"2024-01-11","2024-01-11","Super TKL","Comida Diaria","Gasto","-1.8","Sí","No",""
"2024-01-11","2024-01-11","Devolución Streamcam","PC","Devolución","87.55","Sí","No",""
"2024-01-09","2024-01-09","Mueble Ikea","Muebles y Electrodomésticos","Gasto","-19.99","Sí","No",""
"2024-01-09","2024-01-09","Sherlock Holmes","Libros","Gasto","-2.99","Sí","No",""
"2024-01-08","2024-01-08","Mueble Ikea","Muebles y Electrodomésticos","Gasto","-19.99","Sí","No",""
"2024-01-07","2024-01-07","Repsol","Gasolina","Gasto","-61.03","Sí","No",""
"2024-01-05","2024-01-05","Multa","Otros Transporte","Gasto","-50","Sí","No",""
"2024-01-04","2024-01-04","Repsol","Gasolina","Gasto","-52.05","Sí","No",""
"2024-01-03","2024-01-03","Compartido","Otros Vida Diaria","Gasto","-650","Sí","No",""
"2024-01-03","2024-01-03","Ahorro","Ahorro","Gasto","-500","Sí","No",""
"2024-01-02","2024-01-02","ALDI","Comida Diaria","Gasto","-2.48","Sí","No",""
"2024-01-02","2024-01-02","Gimnasio","Gimnasio","Gasto","-170","Sí","No",""
"2024-01-01","2024-01-01","Verdiago Vive","Otros Casa","Gasto","-480","Sí","No",""
"2024-01-01","2024-01-01","Gasolina","Otros Vida Diaria","Gasto","-34.58","Sí","No",""