Name,Money,Date,Tipo Texto,Compartido
Verdiago Vive,"480,00 €",1 de enero de 2024,Casa Nueva,No
Gasolina,"34,58 €",1 de enero de 2024,Gastos Compartidos,No
Gimnasio,"170,00 €",2 de enero de 2024,Gimnasio,Yes
ALDI,"2,48 €",2 de enero de 2024,Comida Diaria,No
Ahorro,"500,00 €",3 de enero de 2024,Ahorro,No
Compartido,"650,00 €",3 de enero de 2024,Gastos Compartidos,No
Repsol,"52,05 €",4 de enero de 2024,Gasolina,No
Multa,"50,00 €",5 de enero de 2024,Otros Transporte,No
Repsol,"61,03 €",7 de enero de 2024,Gasolina,No
Mueble Ikea,"19,99 €",8 de enero de 2024,Muebles y Electrodomésticos,No
Mueble Ikea,"19,99 €",9 de enero de 2024,Muebles y Electrodomésticos,No
Sherlock Holmes,"2,99 €",9 de enero de 2024,Libros,No
Devolución Streamcam,"87,55 €",11 de enero de 2024,PC,No
Super TKL,"1,80 €",11 de enero de 2024,Comida Diaria,No
Libro Harry,"44,41 €",12 de enero de 2024,Libros,No
Cargador y Android Auto Wireless,"69,38 €",12 de enero de 2024,Otros Transporte,No
ALDI,"2,88 €",14 de enero de 2024,Comida Diaria,No
Multa,"50,00 €",15 de enero de 2024,Otros Transporte,No
Cable Carga Rápida,"6,99 €",15 de enero de 2024,Suministros de la Casa,No
Libro Harry,"44,41 €",17 de enero de 2024,Libros,No
Costco,"12,99 €",20 de enero de 2024,Comida Diaria,No
Cosas de Aliexpress,"13,61 €",22 de enero de 2024,Videojuegos,No
Pesas Regulables,"425,00 €",22 de enero de 2024,Gimnasio,No
Regalo Cecilia,"50,00 €",23 de enero de 2024,Regalos Recibidos,No
Libros Chulos,"22,50 €",23 de enero de 2024,Libros,No
Regalo Papa,"56,00 €",23 de enero de 2024,Regalos Hechos,No
Regalo Papa para pesas,"100,00 €",23 de enero de 2024,Regalos Recibidos,No
Costco,"228,99 €",27 de enero de 2024,Comida Diaria,No
Devolución Javi,"102,00 €",27 de enero de 2024,Comida Diaria,No
ALDI,"16,47 €",27 de enero de 2024,Hobbies,No
ALDI,"2,38 €",28 de enero de 2024,Comida Diaria,No
Nómina Enero,"2451,91 €",31 de enero de 2024,Salario,No
Ahorro,"1000,00 €",31 de enero de 2024,Ahorro,No
Compartido,"488,00 €",31 de enero de 2024,Gastos Compartidos,No
Lush,"22,50 €",31 de enero de 2024,Regalos Hechos,No
Devolución Verdiago Vive,"112,50 €",1 de febrero de 2024,Casa Nueva,No
Chino,"3,75 €",2 de febrero de 2024,Comida Diaria,No
Comida con Ivan Y Galindo,"19,80 €",3 de febrero de 2024,Comida Fuera,No
Lavado Coche,"5,88 €",4 de febrero de 2024,Otros Transporte,No
Chino,"5,35 €",4 de febrero de 2024,Comida Diaria,No
Carrefour,"14,95 €",5 de febrero de 2024,Comida Diaria,No
ALDI,"2,49 €",6 de febrero de 2024,Comida Diaria,No
Compartido,"20,00 €",6 de febrero de 2024,Gastos Compartidos,No
ALDI,"2,99 €",7 de febrero de 2024,Comida Diaria,No
Invitar por mi cumple,"38,83 €",7 de febrero de 2024,Regalos Hechos,No
Gasto,"3,35 €",7 de febrero de 2024,Comida Diaria,No
VideJ,"60,00 €",8 de febrero de 2024,Videojuegos,No
"ingreso Ana por error ","28,15 €",8 de febrero de 2024,Gastos Compartidos,No
Compartido,"98,17 €",9 de febrero de 2024,Gastos Compartidos,No
ALDI,"3,88 €",11 de febrero de 2024,Comida Diaria,No
Juegos VR,"31,98 €",13 de febrero de 2024,Videojuegos,No
ALDI,"5,33 €",13 de febrero de 2024,Regalos Hechos,No
Juegos de Lego,"4,48 €",14 de febrero de 2024,Videojuegos,No
Café,"2,40 €",14 de febrero de 2024,Regalos Hechos,No
Traspaso a Ana para futuros pagos de 1000€,"1000,00 €",14 de febrero de 2024,Casa Nueva,No
Coger de Ahorro para TV,"-2600,00 €",14 de febrero de 2024,Ahorro,No
Pago 1/2 TV,"1000,00 €",14 de febrero de 2024,Casa Nueva,No
TETRIS,"9,00 €",16 de febrero de 2024,Videojuegos,No
ALDI,"4,46 €",16 de febrero de 2024,Comida Diaria,No
11€ a Efectivo,"11,00 €",16 de febrero de 2024,Capricho,No
Gasolina,"63,06 €",16 de febrero de 2024,Gasolina,No
Toy,"34,10 €",18 de febrero de 2024,Capricho,No
Ahorro,"405,56 €",19 de febrero de 2024,Ahorro,No
Ahorro,"2,91 €",19 de febrero de 2024,Ahorro,No
Intereses a favor,"2,91 €",19 de febrero de 2024,Otros Ingresos,No
Reajuste,"64,71 €",19 de febrero de 2024,Comida Diaria,No
Mueble Y Planta de ventana,"86,30 €",20 de febrero de 2024,Casa Nueva,No
Carrefour,"8,56 €",20 de febrero de 2024,Comida Diaria,No
Pago Gattos,"370,85 €",21 de febrero de 2024,Casa Nueva,No
monster,"2,00 €",21 de febrero de 2024,Comida Diaria,No
Devolución juego VR,"16,99 €",21 de febrero de 2024,Videojuegos,No
Pintura Chino/Primor,"6,25 €",22 de febrero de 2024,Hobbies,No
Carrefour,"4,54 €",23 de febrero de 2024,Comida Diaria,No
ALDI,"1,49 €",24 de febrero de 2024,Comida Diaria,No
Carrefour,"9,63 €",25 de febrero de 2024,Comida Diaria,No
Devolución de mi ahorro a mi dinero por Gattos,"-250,00 €",28 de febrero de 2024,Ahorro,No
Devolución Gattos,"120,85 €",28 de febrero de 2024,Casa Nueva,No
Mueble Y Planta de ventana,"86,30 €",28 de febrero de 2024,Casa Nueva,No
Nómina Febrero,"1664,71 €",29 de febrero de 2024,Salario,No
Cosas,"6,44 €",29 de febrero de 2024,Comida Diaria,No
Ahorro Febrero,"250,00 €",29 de febrero de 2024,Ahorro,No
Cosas,"2,75 €",29 de febrero de 2024,Comida Diaria,No
Compartido + Devolución doble (69.87 Comida+pantalón Costco),"719,87 €",29 de febrero de 2024,Gastos Compartidos,No
Lector GBA y carcasa,"39,40 €",29 de febrero de 2024,Hobbies,No
Adelanto Corte Ingles,"350,00 €",1 de marzo de 2024,Casa Nueva,No
Ahorro,"-350,00 €",1 de marzo de 2024,Ahorro,No
"Five Guys, invitación por subida de sueldo","40,70 €",2 de marzo de 2024,Regalos Hechos,No
Servicio Online,"15,48 €",5 de marzo de 2024,Hobbies,No
KFC,"28,42 €",6 de marzo de 2024,Comida Fuera,No
Gasolina,"60,62 €",7 de marzo de 2024,Gasolina,No
Bola para Ana,"6,65 €",8 de marzo de 2024,Regalos Hechos,No
Recreativas,"10,00 €",9 de marzo de 2024,Otros Entretenimiento,No
Regalo Cecilia,"47,95 €",9 de marzo de 2024,Regalos Hechos,No
Consola R36S,"49,07 €",11 de marzo de 2024,Videojuegos,No
Comida,"11,07 €",12 de marzo de 2024,Comida Diaria,No
"Tarjeta SD ","19,99 €",12 de marzo de 2024,PC,No
Bola para ana,"7,50 €",14 de marzo de 2024,Regalos Hechos,No
Carrefour,"8,77 €",14 de marzo de 2024,Comida Diaria,No
Consola R36S,"53,00 €",15 de marzo de 2024,Videojuegos,No
2 Burguers,"60,00 €",15 de marzo de 2024,Gastos Compartidos,No
Carcasa GBA,"5,73 €",18 de marzo de 2024,Hobbies,No
Libro para padre de Ana,"19,90 €",18 de marzo de 2024,Préstamo Hecho,No
Taxis Valencia,"90,15 €",18 de marzo de 2024,Bus/Taxi/Tren,No
Regalo Papa,"10,75 €",18 de marzo de 2024,Regalos Hechos,No
Comida invitar a Ce y Ja,"15,85 €",18 de marzo de 2024,Comida Fuera,No
Pepito,"4,00 €",19 de marzo de 2024,Comida Diaria,No
Croissants,"8,40 €",19 de marzo de 2024,Comida Diaria,No
Tren a Madrid,"39,88 €",20 de marzo de 2024,Bus/Taxi/Tren,No
Taxis Valencia,"90,15 €",20 de marzo de 2024,Bus/Taxi/Tren,No
Taxi a la estación,"7,50 €",20 de marzo de 2024,Bus/Taxi/Tren,No
Gasolina,"61,83 €",21 de marzo de 2024,Gasolina,No
Adaptador Internet y tile que devolveré,"29,98 €",21 de marzo de 2024,Otros Casa,No
Olor del coche,"7,89 €",21 de marzo de 2024,Otros Transporte,No
Pago Petronela,"120,00 €",21 de marzo de 2024,Gastos Compartidos,No
Kiwoko,"40,19 €",21 de marzo de 2024,Gastos Compartidos,No
Para pagar el Gas,"76,00 €",21 de marzo de 2024,Gastos Compartidos,No
Cena,"6,40 €",21 de marzo de 2024,Comida Diaria,No
Tarjeta regalo Ana,"23,94 €",21 de marzo de 2024,Regalos Hechos,No
Carnaval,"56,45 €",22 de marzo de 2024,Gastos Compartidos,Yes
Saladar,"7,09 €",25 de marzo de 2024,Gastos Compartidos,No
Noray,"92,90 €",25 de marzo de 2024,Gastos Compartidos,Yes
Mercadona,"21,45 €",25 de marzo de 2024,Gastos Compartidos,No
Saladar,"1,40 €",26 de marzo de 2024,Gastos Compartidos,No
Gasolina,"62,49 €",28 de marzo de 2024,Gasolina,No
Nómina Marzo,"2041,20 €",29 de marzo de 2024,Salario,No
Para Boda,"-150,00 €",29 de marzo de 2024,Ahorro,No
Compartido Marzo,"650,00 €",30 de marzo de 2024,Gastos Compartidos,No
Devolver taxi y tren a ana,"96,21 €",30 de marzo de 2024,Devoluciones Préstamos,No
Pago a Ana por la BODA,"650,00 €",30 de marzo de 2024,Boda,No
Ajuste,"20,60 €",31 de marzo de 2024,Gastos Compartidos,No
Adaptador Internet y tile que devolveré,"19,99 €",31 de marzo de 2024,Otros Casa,No
Chino,"6,70 €",2 de abril de 2024,Comida Diaria,No
Chino,"2,55 €",3 de abril de 2024,Comida Diaria,No
Come fuera con Estos,"21,00 €",4 de abril de 2024,Comida Fuera,No
Devolucion Nothing ear,"119,00 €",5 de abril de 2024,Capricho,No
Carrefour,"3,15 €",5 de abril de 2024,Comida Diaria,No
Costco,"32,00 €",6 de abril de 2024,Ropa,No
Aliexpress GBA boda,"10,98 €",6 de abril de 2024,Hobbies,No
Bolos,"12,00 €",11 de abril de 2024,Hobbies,No
Costco,"8,99 €",11 de abril de 2024,Comida Diaria,No
Lidl,"2,37 €",11 de abril de 2024,Comida Diaria,No
Come fuera,"5,45 €",11 de abril de 2024,Comida Diaria,No
Mercadona,"7,08 €",12 de abril de 2024,Comida Diaria,No
Compartido,"100,00 €",13 de abril de 2024,Gastos Compartidos,No
Five Guys,"52,70 €",14 de abril de 2024,Comida Fuera,Yes
ALDI,"2,99 €",16 de abril de 2024,Comida Diaria,No
Bimbo,"2,30 €",16 de abril de 2024,Comida Diaria,No
Mediamark regletas,"55,13 €",17 de abril de 2024,Casa Nueva,No
ALDI,"1,18 €",19 de abril de 2024,Comida Diaria,No
Super,"2,70 €",19 de abril de 2024,Comida Diaria,No
Alimentación,"3,75 €",19 de abril de 2024,Comida Diaria,No
Alimentación,"2,60 €",20 de abril de 2024,Comida Diaria,No
Plex pro,"3,34 €",20 de abril de 2024,Otros Casa,No
Carrefour,"5,58 €",23 de abril de 2024,Comida Diaria,No
Bimbo,"0,70 €",24 de abril de 2024,Comida Diaria,No
Certificado Persona Física,"3,62 €",24 de abril de 2024,Otros Vida Diaria,No
Petronela,"120,00 €",25 de abril de 2024,Gastos Compartidos,No
Compra compartida adelantada,"10,30 €",25 de abril de 2024,Gastos Compartidos,No
Regalo día de la madre,"18,90 €",25 de abril de 2024,Regalos Hechos,No
Devolución Ana Petronela,"60,00 €",26 de abril de 2024,Gastos Compartidos,No
Nómina Abril,"1664,71 €",27 de abril de 2024,Salario,No
Compartido + derrama - 9 de Cecilia - 10 de compra,"730,70 €",28 de abril de 2024,Gastos Compartidos,No
Pago El corte ingles,"94,50 €",28 de abril de 2024,Casa Nueva,No
Pago Ana Boda,"505,50 €",28 de abril de 2024,Boda,No
Mueble Alex,"80,00 €",4 de mayo de 2024,Muebles y Electrodomésticos,No
Comida,"38,25 €",6 de mayo de 2024,Comida Fuera,No
Bolos,"36,00 €",7 de mayo de 2024,Otros Entretenimiento,No
Cena,"12,95 €",7 de mayo de 2024,Comida Fuera,No
Mueble Alex,"80,00 €",7 de mayo de 2024,Muebles y Electrodomésticos,No
Compartido,"100,72 €",14 de mayo de 2024,Gastos Compartidos,No
Bola de baño para Ana,"7,50 €",14 de mayo de 2024,Regalos Hechos,No
Ratón PC,"66,70 €",17 de mayo de 2024,PC,No
Chino,"3,80 €",18 de mayo de 2024,Comida Fuera,No
Costco,"162,90 €",18 de mayo de 2024,Gastos Compartidos,No
Mantenimiento M6 Hyundai 2024,"204,87 €",18 de mayo de 2024,Reparaciones,No
Chino,"2,75 €",18 de mayo de 2024,Comida Fuera,No
Cyberpunk 2077,"29,99 €",19 de mayo de 2024,Videojuegos,No
Proyector Medio pago de Boda,"485,01 €",19 de mayo de 2024,Muebles y Electrodomésticos,No
Come fuera,"41,25 €",21 de mayo de 2024,Gastos Compartidos,No
Carrefour,"4,94 €",22 de mayo de 2024,Comida Fuera,No
Kichi,"57,20 €",23 de mayo de 2024,Gastos Compartidos,No
Comida Nala,"24,17 €",24 de mayo de 2024,Gastos Compartidos,No
Chino para papel burbujas,"6,94 €",25 de mayo de 2024,Gastos Compartidos,No
Lavado completo de coche,"15,00 €",25 de mayo de 2024,Otros Transporte,No
Mercadona,"34,67 €",25 de mayo de 2024,Gastos Compartidos,No
Alcampo,"15,92 €",25 de mayo de 2024,Otros Transporte,No
Devolución Ratón PC,"73,99 €",26 de mayo de 2024,PC,No
Carrefour,"9,19 €",26 de mayo de 2024,Gastos Compartidos,No
ALDI,"5,88 €",26 de mayo de 2024,Gastos Compartidos,No
Monitores y Brazo,"531,94 €",29 de mayo de 2024,PC,No
Pago a Ana Boda,"438,66 €",29 de mayo de 2024,Boda,No
Compartido + derrama - varias compras,"693,42 €",29 de mayo de 2024,Gastos Compartidos,No
Nómina Mayo,"1664,71 €",29 de mayo de 2024,Salario,No
"Valheim ","21,46 €",2 de junio de 2024,Videojuegos,Yes
Devolución Proyector,"485,01 €",2 de junio de 2024,Muebles y Electrodomésticos,No
Paypal,"26,54 €",4 de junio de 2024,Hobbies,No
Devolución Renta,"194,66 €",6 de junio de 2024,Devoluciones Recibidas,No
Préstamo Comprar libros de Vicente,"45,50 €",8 de junio de 2024,Préstamo Hecho,No
"El Corte Inglés ","2,99 €",8 de junio de 2024,Comida Diaria,No
Limpiar el coche,"1,00 €",8 de junio de 2024,Otros Transporte,No
Regleta y bridas,"25,97 €",9 de junio de 2024,PC,No
Placa Base Ender 3,"26,18 €",9 de junio de 2024,Hobbies,No
Metro chulo,"10,79 €",10 de junio de 2024,Capricho,No
Destornillador Xiaomi y Quitabarbas,"33,06 €",10 de junio de 2024,Capricho,No
Impresora etiquetas,"21,99 €",11 de junio de 2024,Capricho,No
Dominio para la boda,"8,46 €",11 de junio de 2024,Boda,No
Sacar dinero en efectivo,"20,00 €",12 de junio de 2024,Otros Transporte,No
Filamento,"15,90 €",13 de junio de 2024,Hobbies,No
Chino,"1,95 €",13 de junio de 2024,Comida Diaria,No
Compra,"21,95 €",17 de junio de 2024,Hobbies,No
Comida,"26,95 €",18 de junio de 2024,Comida Fuera,No
Corte de Pelo,"14,00 €",19 de junio de 2024,Otros Vida Diaria,No
HotEnd impresora,"18,99 €",19 de junio de 2024,Hobbies,No
Gasolina,"57,29 €",20 de junio de 2024,Gastos Compartidos,No
Comida,"12,11 €",20 de junio de 2024,Comida Fuera,No
"Farmacia, dentista y rosu","21,52 €",21 de junio de 2024,Medicinas,No
Cable Impresora,"11,99 €",22 de junio de 2024,Hobbies,No
Extrusor Impresora,"15,99 €",23 de junio de 2024,Hobbies,No
Fotos Carnet,"6,00 €",23 de junio de 2024,Otros Vida Diaria,No
Carrefour,"34,51 €",25 de junio de 2024,Gastos Compartidos,No
Parking,"1,35 €",25 de junio de 2024,Gastos Compartidos,No
Juegos para boda,"32,65 €",26 de junio de 2024,Regalos Hechos,No
Mercadona,"4,85 €",26 de junio de 2024,Gastos Compartidos,No
Mercadona,"6,47 €",27 de junio de 2024,Gastos Compartidos,No
Mercadona,"2,54 €",27 de junio de 2024,Gastos Compartidos,No
Gimnasio app,"24,21 €",28 de junio de 2024,Gimnasio,No
Nómina Junio,"1664,71 €",28 de junio de 2024,Salario,No
Red Dead,"19,79 €",28 de junio de 2024,Videojuegos,No
Pago Corte Ingles,"323,50 €",28 de junio de 2024,Casa Nueva,No
Boda,"250,00 €",28 de junio de 2024,Boda,No
Compartido,"573,33 €",28 de junio de 2024,Gastos Compartidos,No
Pago 1/3 Bambu Lab P1S,"209,69 €",2 de julio de 2024,Hobbies,No
Comer fuera,"23,53 €",3 de julio de 2024,Comida Fuera,No
Pijama Primark,"12,00 €",7 de julio de 2024,Ropa,No
Camisa Zara,"29,95 €",7 de julio de 2024,Ropa,No
PLA,"20,47 €",9 de julio de 2024,Hobbies,No
Recreativas Iker,"3,00 €",13 de julio de 2024,Regalos Hechos,No
Lavado de coche,"3,00 €",13 de julio de 2024,Otros Transporte,No
PLA,"30,37 €",14 de julio de 2024,Hobbies,No
PLA,"30,37 €",14 de julio de 2024,Hobbies,No
Gasolina,"62,70 €",15 de julio de 2024,Viaje,No
Comida Javea,"46,10 €",19 de julio de 2024,Comida,No
Primer Pago regalo Ana,"32,87 €",19 de julio de 2024,Regalos Hechos,No
Paddlesurf,"40,00 €",23 de julio de 2024,Entretenimiento,No
Comida Javea,"20,41 €",23 de julio de 2024,Comida,No
Comida Javea,"42,65 €",24 de julio de 2024,Comida,No
Google One,"19,99 €",28 de julio de 2024,Google One,No
Nómina Julio,"1663,01 €",31 de julio de 2024,Salario,No
Compartido,"650,00 €",31 de julio de 2024,Gastos Compartidos,No
Pago Corte Ingles,"323,50 €",31 de julio de 2024,Casa Nueva,No
Boda,"250,00 €",31 de julio de 2024,Boda,No
McDonalds,"13,12 €",4 de agosto de 2024,Comida Fuera,No
Regalo Ana 1/4,"35,49 €",4 de agosto de 2024,Regalos Hechos,No
Devolución Primer Pago regalo Ana,"32,87 €",4 de agosto de 2024,Regalos Hechos,No
Pago 2/3 Bambu Lab P1S,"209,69 €",5 de agosto de 2024,Hobbies,No
Corte de pelo,"14,00 €",6 de agosto de 2024,Otros Vida Diaria,No
Super,"5,60 €",7 de agosto de 2024,Comida Fuera,No
Renovación DNI,"59,58 €",8 de agosto de 2024,Otros Transporte,No
Arena Nala,"11,37 €",8 de agosto de 2024,Gastos Compartidos,No
Compartido,"150,00 €",13 de agosto de 2024,Gastos Compartidos,No
Gafas,"10,00 €",15 de agosto de 2024,Ropa,No
Mercadona,"6,55 €",17 de agosto de 2024,Comida Diaria,No
Mercadona,"6,69 €",19 de agosto de 2024,Comida Diaria,No
Ingreso de dinero,"108,88 €",20 de agosto de 2024,Otros Ingresos,No
Pipeta Nala,"15,00 €",20 de agosto de 2024,Gastos Compartidos,No
Carrefour,"9,82 €",20 de agosto de 2024,Comida Diaria,No
Carrefour,"2,99 €",21 de agosto de 2024,Comida Diaria,No
Carrefour,"7,90 €",22 de agosto de 2024,Comida Diaria,No
Gasolina,"53,06 €",22 de agosto de 2024,Gastos Compartidos,No
Mercadona,"6,52 €",24 de agosto de 2024,Comida Diaria,No
Mercadona,"13,15 €",26 de agosto de 2024,Comida Diaria,No
Compartido,"531,94 €",29 de agosto de 2024,Gastos Compartidos,No
Nómina Agosto,"1663,01 €",29 de agosto de 2024,Salario,No
Pago Notion,"26,81 €",29 de agosto de 2024,Otros Ingresos,No
Pago Corte Ingles,"323,50 €",29 de agosto de 2024,Casa Nueva,No
Regalo Ana 2/4,"32,50 €",1 de septiembre de 2024,Regalos Hechos,No
Filamento,"59,87 €",1 de septiembre de 2024,Hobbies,No
Pago 3/3 Bambu Lab P1S,"209,69 €",2 de septiembre de 2024,Hobbies,No
Papel Chino,"6,95 €",3 de septiembre de 2024,Hobbies,No
Calcetines Bolos,"0,60 €",3 de septiembre de 2024,Espectáculo (Cine/Teatro),No
Ambientador coche,"6,88 €",3 de septiembre de 2024,Otros Transporte,No
Cena Sushi con estos,"26,05 €",4 de septiembre de 2024,Comida Fuera,No
D&D Inicio,"19,95 €",7 de septiembre de 2024,Hobbies,No
Pintura para figuras,"20,89 €",11 de septiembre de 2024,Hobbies,No
Tiger,"4,90 €",13 de septiembre de 2024,Hobbies,No
Carrefour,"5,59 €",14 de septiembre de 2024,Comida Diaria,No
Gasolina Cotsco,"50,85 €",14 de septiembre de 2024,Gastos Compartidos,No
Chino,"1,00 €",15 de septiembre de 2024,Comida Diaria,No
Abono promoción amigo,"40,50 €",16 de septiembre de 2024,Otros Ingresos,No
Chino,"1,00 €",17 de septiembre de 2024,Comida Diaria,No
Tiger,"6,00 €",18 de septiembre de 2024,Hobbies,No
ALDI,"4,38 €",22 de septiembre de 2024,Comida Diaria,No
Aceitunas Costco,"10,00 €",23 de septiembre de 2024,Regalos Hechos,No
Chino,"7,74 €",23 de septiembre de 2024,Hobbies,No
Chino,"5,34 €",24 de septiembre de 2024,Hobbies,No
Chino,"4,50 €",24 de septiembre de 2024,Hobbies,No
Seguro Coche,"368,43 €",26 de septiembre de 2024,Seguro,No
Nómina Septiembre,"1663,01 €",28 de septiembre de 2024,Salario,No
Pizza con estos,"10,00 €",28 de septiembre de 2024,Comida Fuera,No
Compartido,"650,00 €",29 de septiembre de 2024,Gastos Compartidos,No
Pago Corte Ingles,"323,50 €",29 de septiembre de 2024,Casa Nueva,No
Boda,"250,00 €",29 de septiembre de 2024,Boda,No
KFC,"13,20 €",29 de septiembre de 2024,Comida Fuera,No
Regalo Ana 3/4,"32,50 €",30 de septiembre de 2024,Regalos Hechos,No
Comida,"10,96 €",1 de octubre de 2024,Comida Fuera,No
TV Hospital,"12,00 €",4 de octubre de 2024,Otros Entretenimiento,No
Impuesto de circulación,"23,98 €",10 de octubre de 2024,Otros Transporte,No
Cine,"27,00 €",19 de octubre de 2024,Espectáculo (Cine/Teatro),No
Zapatillas Adidas,"63,34 €",19 de octubre de 2024,Ropa,No
Ajuste,"8,50 €",20 de octubre de 2024,Otros Ingresos,No
Carrefour,"6,57 €",23 de octubre de 2024,Comida Diaria,No
KFC,"4,48 €",24 de octubre de 2024,Comida Diaria,No
TKL,"2,80 €",24 de octubre de 2024,Comida Diaria,No
Mercadona,"2,50 €",26 de octubre de 2024,Comida Diaria,No
Burguer,"8,45 €",26 de octubre de 2024,Comida Fuera,No
Carrefour,"3,30 €",28 de octubre de 2024,Comida Diaria,No
The Clover,"13,00 €",28 de octubre de 2024,Comida Fuera,No
Lidl,"3,50 €",30 de octubre de 2024,Comida Diaria,No
ITV,"34,95 €",30 de octubre de 2024,Otros Transporte,No
Regalo Ana 4/4,"32,49 €",31 de octubre de 2024,Regalos Hechos,No
Pago Corte Ingles,"323,50 €",31 de octubre de 2024,Casa Nueva,No
Cargador Baseus para Ana,"34,98 €",31 de octubre de 2024,Casa Nueva,No
Nómina Octubre,"1454,00 €",31 de octubre de 2024,Salario,No
Boda,"755,84 €",31 de octubre de 2024,Boda,No
Carrefour,"1,49 €",1 de noviembre de 2024,Comida Diaria,No
Subrayadores,"5,74 €",1 de noviembre de 2024,Hobbies,No
Mercadona,"7,85 €",2 de noviembre de 2024,Comida Diaria,No
Costco,"15,14 €",3 de noviembre de 2024,Regalos Hechos,No
Costco,"15,00 €",3 de noviembre de 2024,Libros,No
ALDI,"5,25 €",3 de noviembre de 2024,Comida Diaria,No
Midjourney,"11,49 €",4 de noviembre de 2024,Hobbies,No
Amazon a Ana,"38,22 €",4 de noviembre de 2024,Casa Nueva,No
Comer fuera,"21,07 €",4 de noviembre de 2024,Comida Fuera,No
Alcampo,"8,09 €",4 de noviembre de 2024,Comida Diaria,No
Ahorro,"300,00 €",5 de noviembre de 2024,Ahorro,No
Lidl y Ahorramas,"7,77 €",9 de noviembre de 2024,Comida Diaria,No
ALDI,"5,00 €",10 de noviembre de 2024,Comida Diaria,No
Alcampo,"7,75 €",11 de noviembre de 2024,Comida Diaria,No
ALDI,"3,38 €",13 de noviembre de 2024,Comida Diaria,No
Burguer,"5,85 €",18 de noviembre de 2024,Comida Diaria,No
Chino,"3,50 €",26 de noviembre de 2024,Comida Diaria,No
Cosas Aliexpress,"4,66 €",27 de noviembre de 2024,Capricho,No
KFC y Bimbo,"10,90 €",28 de noviembre de 2024,Comida Diaria,No
Burguer King,"20,72 €",29 de noviembre de 2024,Comida Diaria,No
Libro Regalo Papa,"21,90 €",29 de noviembre de 2024,Regalos Hechos,No
Bolso regalo de Ana,"22,54 €",29 de noviembre de 2024,Regalos Hechos,No
Cuaderno Aviación,"16,14 €",29 de noviembre de 2024,Hobbies,No
Ahorro Noviembre,"719,50 €",29 de noviembre de 2024,Ahorro,No
Regalo de Ana 2,"25,90 €",29 de noviembre de 2024,Regalos Hechos,No
Nómina Noviembre,"1663,01 €",29 de noviembre de 2024,Salario,No
Pago Deuda Ana,"348,00 €",29 de noviembre de 2024,Casa Nueva,No
Regalo Navidad Ana,"100,00 €",30 de noviembre de 2024,Regalos Hechos,No
Ahorro de Rendondeo,"2,45 €",30 de noviembre de 2024,Ahorro,No
Mueble cocina para Ana,"84,99 €",30 de noviembre de 2024,Casa Nueva,No
Bañadores Ana,"71,13 €",1 de diciembre de 2024,Casa Nueva,No
Merkocash,"2,65 €",2 de diciembre de 2024,Comida Diaria,No
Regalo Papa AI,"19,99 €",4 de diciembre de 2024,Regalos Hechos,No
ahorramas,"3,39 €",4 de diciembre de 2024,Comida Diaria,No
Parte del regalo ana,"5,30 €",4 de diciembre de 2024,Regalos Hechos,No
Aliexpress parte de Ana,"12,21 €",5 de diciembre de 2024,Regalos Hechos,No
Cosas de ana en chino,"14,85 €",5 de diciembre de 2024,Casa Nueva,No
McDonald,"17,45 €",5 de diciembre de 2024,Comida Fuera,No
Kebab con estos,"9,50 €",6 de diciembre de 2024,Comida Fuera,No
Ahorro automatico,"2,72 €",7 de diciembre de 2024,Ahorro,No
Parte del regalo ana,"8,99 €",7 de diciembre de 2024,Regalos Hechos,No
Midjourney,"11,90 €",7 de diciembre de 2024,Hobbies,No
Parte del regalo ana,"22,90 €",8 de diciembre de 2024,Regalos Hechos,No
Mercadona,"5,65 €",13 de diciembre de 2024,Comida Diaria,No
Aliexpres,"14,38 €",15 de diciembre de 2024,Regalos Hechos,No
ALDI,"4,94 €",15 de diciembre de 2024,Comida Diaria,No
ALDI,"6,96 €",15 de diciembre de 2024,Comida Diaria,No
ALDI,"2,08 €",15 de diciembre de 2024,Comida Diaria,No
Gimnasio,"28,04 €",16 de diciembre de 2024,Gimnasio,No
MiAlcampo,"4,36 €",18 de diciembre de 2024,Comida Diaria,No
Ahorramas,"3,79 €",18 de diciembre de 2024,Comida Diaria,No
Chino,"1,00 €",19 de diciembre de 2024,Comida Diaria,No
Popeyes,"13,97 €",19 de diciembre de 2024,Comida Fuera,No
Comida con estos,"34,00 €",20 de diciembre de 2024,Comida Fuera,No
Regalo estos,"6,40 €",21 de diciembre de 2024,Regalos Hechos,No
Nesteas con estos,"7,60 €",22 de diciembre de 2024,Comida Fuera,No
ALDI,"3,93 €",22 de diciembre de 2024,Comida Diaria,No
Ahorro automático,"7,02 €",23 de diciembre de 2024,Ahorro,No
Mercadona,"21,27 €",23 de diciembre de 2024,Comida Diaria,No
Pan Londres,"3,00 €",23 de diciembre de 2024,Comida Diaria,No
Ahorro,"-132,02 €",23 de diciembre de 2024,Ahorro,No
Comida,"2,75 €",24 de diciembre de 2024,Comida Diaria,No
"Comida ","7,59 €",25 de diciembre de 2024,Comida Diaria,No
COmida,"35,70 €",28 de diciembre de 2024,Comida Diaria,No
Ahorro Diciembre,"1431,87 €",31 de diciembre de 2024,Ahorro,No
Deuda con Ana,"117,66 €",31 de diciembre de 2024,Casa Nueva,No
Netflix Diciembre,"7,00 €",31 de diciembre de 2024,Netflix,No
Ajuste,"1,34 €",31 de diciembre de 2024,Otros Vida Diaria,No
Nómina Diciembre,"1672,41 €",31 de diciembre de 2024,Salario,No